commit_id,author,message,date,repo
abc123,JohnDoe,Initial commit,2023-01-01,repo1
abc124,JaneSmith,Added new feature,2023-01-02,repo1
abc125,JohnDoe,Fixed bug,2023-01-03,repo2
abc126,EmilyJones,Updated README,2023-01-04,repo3
abc127,ChrisBrown,Improved UI,2023-01-05,repo1
abc128,JohnDoe,Refactored code,2023-01-06,repo2
abc129,JaneSmith,Optimized database queries,2023-01-07,repo3
abc130,ChrisBrown,Added unit tests,2023-01-08,repo1
abc131,EmilyJones,Fixed login bug,2023-01-09,repo2
abc132,JohnDoe,Updated dependencies,2023-01-10,repo1
abc133,ChrisBrown,Improved security,2023-01-11,repo3
abc134,JaneSmith,Updated version number,2023-01-12,repo2
abc135,JohnDoe,Added API documentation,2023-01-13,repo1
abc136,EmilyJones,Fixed CSS styling issue,2023-01-14,repo3
abc137,ChrisBrown,Implemented caching,2023-01-15,repo2
abc138,JohnDoe,Updated libraries,2023-01-16,repo1
abc139,JaneSmith,Refactored user model,2023-01-17,repo3
abc140,ChrisBrown,Updated login flow,2023-01-18,repo2
abc141,JohnDoe,Improved error handling,2023-01-19,repo1
abc142,EmilyJones,Updated user interface,2023-01-20,repo3
